Patient_ID,Case_ID,Date_Case,ID_MRI_Machine,MRI_Case_ID
14433,40279590,2017-09-12 11:05:00,MRI3,7430454
17081,40573077,2018-11-13 11:17:00,MRI3,7787029
18851,40623115,2019-05-13 09:08:00,MRI4,7909478
20164,40528092,2018-06-23 10:02:00,MRI2,7749998
20164,40801810,2019-09-17 13:02:00,MRI2,7972162
20164,41167822,2021-03-11 07:46:00,MRI3,8344430
20374,40719599,2020-02-03 09:00:00,MRI3,8073370
20374,41155390,2021-02-25 12:25:00,MRI1,8323803
21106,40661593,2019-04-30 11:23:00,MRI3,7871497
21106,40119852,2017-01-17 11:25:00,MRI3,7386955
21106,40351342,2018-04-13 11:21:00,MRI3,7597875
23333,40282959,2017-11-21 08:51:00,MRI3,7569232
23333,40303825,2017-06-17 13:29:00,MRI3,7540690
23333,40691351,2019-05-28 10:32:00,MRI3,7899650
23333,41327034,2021-11-11 12:32:00,MRI3,8500297
27510,40999505,2020-09-28 16:52:00,MRI1,8230613
38099,41828282,2023-03-21 12:55:00,MRI3,8935391
41668,41394376,2021-11-25 15:00:00,MRI1,8550265
43873,41042048,2020-10-09 06:46:00,MRI1,8245124
45424,40817457,2019-11-02 10:53:00,MRI3,8025605
50143,40291312,2017-08-10 15:48:00,MRI2,7566140
50143,40469446,2018-08-21 08:18:00,MRI2,7698123
50143,40974858,2020-08-18 09:16:00,MRI3,8188838
50143,41762456,2023-01-19 12:11:00,MRI2,8846951
56082,40330231,2017-11-21 08:01:00,MRI1,7584675
59287,40005428,2016-03-15 08:00:00,MRI3,7299133
59287,40204719,2017-03-21 07:57:00,MRI3,7452054
59287,41589838,2022-05-02 17:21:00,MRI3,8680549
66706,41364667,2022-01-13 08:10:00,MRI3,8556149
66706,41095067,2021-04-29 08:12:00,MRI3,8342977
79730,40230951,2017-03-20 17:12:00,MRI3,7490638
80696,41132330,2021-04-01 09:12:00,MRI1,8372415
85145,40133871,2017-01-24 07:58:00,MRI3,7434834
86428,40065930,2016-07-12 12:10:00,MRI3,7350279
87825,40065925,2016-07-05 07:52:00,MRI3,7350416
87825,40986891,2020-07-27 16:39:00,MRI1,8188626
93651,40053184,2016-05-19 13:00:00,MRI3,7336494
95142,40279585,2017-09-18 07:06:00,MRI3,7535357
95142,41289883,2021-10-21 12:28:00,MRI3,8471000
100037,40425912,2018-03-05 18:26:00,MRI3,7671728
100037,40606901,2019-01-08 09:47:00,MRI2,7821658
104384,41638485,2022-08-29 07:04:00,MRI4,8727022
104527,40054772,2016-04-08 12:45:00,MRI2,7341328
112374,4213315,2016-01-19 07:45:00,MRI3,7279605
113792,40093465,2016-12-22 15:14:00,MRI3,7444414
114020,41314319,2021-09-30 12:29:00,MRI1,8491359
114020,40468309,2019-01-08 08:00:00,MRI3,7839006
120515,41309417,2021-08-21 16:00:00,MRI3,8488158
158358,40164532,2016-11-14 19:00:00,MRI1,7433365
159059,40057475,2016-07-07 13:15:00,MRI3,7343995
159059,40479846,2018-07-10 11:36:00,MRI2,7707776
166990,40443496,2018-02-06 12:18:00,MRI3,7612498
167603,40661588,2019-07-16 13:08:00,MRI3,7871492
167603,4227194,2016-04-18 11:23:00,MRI1,7299135
167603,40188036,2017-04-25 11:45:00,MRI3,7463524
180749,40098004,2016-11-04 15:40:00,MRI3,7423875
182568,40526913,2019-06-04 09:18:00,MRI3,7902572
212586,41304772,2022-06-27 06:57:00,MRI3,8671326
220057,41176530,2021-04-06 09:21:00,MRI3,8286383
224630,40149034,2016-12-17 10:15:00,MRI3,7452100
234124,40665104,2019-02-22 07:50:00,MRI4,7871694
242880,40419128,2018-08-06 16:25:00,MRI4,7763198
255249,41553868,2022-04-26 08:27:00,MRI4,8651390
261154,41588439,2022-11-07 13:46:00,MRI1,8803032
268520,40381223,2018-10-16 08:35:00,MRI4,7726234
268520,40759982,2019-10-15 08:53:00,MRI3,7967901
268520,41656934,2022-09-06 07:42:00,MRI4,8743245
271989,41401973,2021-11-23 08:26:00,MRI3,8529717
280813,41369829,2022-01-17 17:07:00,MRI1,8568574
283111,41720003,2022-11-28 08:41:00,MRI4,8805627
283111,41340999,2021-09-20 15:11:00,MRI4,8510242
287347,41706005,2022-09-14 16:39:00,MRI4,8791949
287347,41611020,2022-08-29 17:26:00,MRI3,8776245
297971,40449100,2018-05-22 11:36:00,MRI3,7680888
297971,40670142,2019-05-13 07:50:00,MRI1,7852198
297971,41621873,2022-06-30 11:06:00,MRI3,8710128
298149,40039819,2016-08-05 12:15:00,MRI3,7375149
305664,40355214,2018-01-30 13:03:00,MRI2,7618913
306125,40054844,2016-05-21 10:55:00,MRI3,7340984
309799,40161019,2017-10-12 08:19:00,MRI3,7439360
309799,41307647,2021-10-01 11:08:00,MRI1,8038039
313269,40810680,2019-10-01 07:52:00,MRI4,7972163
313269,4139115,2016-01-05 07:00:00,MRI3,7272286
315456,40732711,2019-09-03 10:22:00,MRI2,7946374
315456,41037949,2020-10-24 10:23:00,MRI3,8253357
315456,41692638,2022-10-12 06:53:00,MRI3,8778806
320804,41453649,2022-01-14 15:04:00,MRI1,8589819
325103,41232655,2021-10-04 11:59:00,MRI1,8475097
337543,41500696,2022-05-20 14:21:00,MRI1,8700274
345497,41484898,2022-05-04 12:50:00,MRI3,8605849
345497,40821892,2020-03-17 08:11:00,MRI3,8086379
345497,40368434,2018-03-27 07:55:00,MRI3,7611890
345497,40124712,2017-02-14 13:00:00,MRI2,7434948
361426,40310165,2017-11-28 12:39:00,MRI3,7533020
361426,40661608,2019-04-30 08:41:00,MRI3,7871510
362517,40735517,2019-09-30 07:01:00,MRI3,8010396
374012,40065924,2016-07-14 13:25:00,MRI3,7350412
374012,41701136,2023-04-06 12:37:00,MRI3,8900526
374723,40688323,2019-09-06 10:00:00,MRI2,7874249
374723,41371673,2021-11-23 11:25:00,MRI3,8533524
378975,40910308,2020-05-12 07:41:00,MRI3,8122463
385231,41390820,2021-11-09 07:41:00,MRI3,8500280
391849,41467578,2022-03-28 17:26:00,MRI4,8622471
393986,40349075,2017-09-28 15:00:00,MRI3,7599591
397684,40263837,2017-05-05 12:45:00,MRI3,7521863
397684,40672262,2020-02-17 15:12:00,MRI4,8092416
397684,41515834,2023-02-20 13:33:00,MRI3,8896866
404252,40028196,2016-03-17 11:45:00,MRI2,7310283
404252,40285535,2018-03-26 12:28:00,MRI1,7641556
404279,41509825,2022-03-11 08:14:00,MRI1,8621894
416469,41467626,2022-12-16 13:16:00,MRI3,8647722
416558,40579388,2018-09-28 07:45:00,MRI4,7794234
416558,40039825,2017-02-07 07:30:00,MRI3,7444886
419804,40111232,2016-11-11 15:35:00,MRI2,7387971
419804,40608931,2018-11-08 14:19:00,MRI4,7786990
419804,41787476,2023-02-20 17:16:00,MRI1,8873081
420441,4228895,2016-02-09 06:50:00,MRI3,7284819
420441,40368430,2018-02-06 08:00:00,MRI3,7611874
420441,41079356,2021-01-07 13:15:00,MRI1,8291161
432865,41593360,2022-10-26 17:07:00,MRI3,8589735
440910,40176453,2017-01-12 14:35:00,MRI3,7448237
443533,40115926,2016-08-09 13:45:00,MRI3,7387137
446771,41775759,2023-01-04 17:44:00,MRI3,8860297
455593,40053480,2017-03-09 10:00:00,MRI2,7502692
459429,40339198,2017-08-31 15:44:00,MRI1,7586979
464458,41500707,2022-03-22 12:19:00,MRI1,8615213
464458,41158667,2021-03-19 14:15:00,MRI4,8366071
465365,41575969,2022-07-05 12:54:00,MRI3,8683478
477021,41467515,2022-03-04 12:33:00,MRI3,8595652
492322,40328872,2017-08-04 12:50:00,MRI1,7577713
492322,40710954,2019-05-14 10:36:00,MRI3,7914267
501909,40974848,2020-08-20 11:44:00,MRI3,8188815
512319,40425123,2018-05-08 08:22:00,MRI3,7661400
523346,40159472,2016-11-12 11:30:00,MRI3,7426685
525910,4236741,2016-02-22 11:39:00,MRI2,7302292
530198,40691411,2019-05-21 10:17:00,MRI2,7895772
530198,40211679,2017-05-16 11:32:00,MRI2,7486778
530198,4202716,2016-05-02 12:28:00,MRI3,7316228
530338,41665500,2023-02-07 13:14:00,MRI3,8874629
545069,41216885,2021-11-30 11:41:00,MRI3,8537822
562753,4241791,2016-03-15 06:55:00,MRI3,7291031
562753,40377401,2018-03-13 08:19:00,MRI2,7620327
563268,40279586,2017-09-05 12:31:00,MRI2,7535353
569633,41683073,2022-12-19 12:37:00,MRI4,8841316
573933,41466300,2022-02-09 09:57:00,MRI2,8602579
575650,40832092,2019-11-05 12:59:00,MRI4,7989846
593726,40040914,2016-03-16 07:30:00,MRI3,7330072
604091,41425493,2022-01-08 14:15:00,MRI1,8589542
606942,41353585,2022-02-07 11:58:00,MRI2,8586657
606942,41723137,2023-03-15 06:54:00,MRI3,8808926
613086,40405548,2018-03-26 12:00:00,MRI3,7644895
613086,41104191,2021-03-18 14:53:00,MRI1,8312123
613086,40028048,2016-03-07 11:00:00,MRI1,7282971
616578,40747396,2019-07-22 07:46:00,MRI1,7950739
619270,3929352,2016-02-05 08:00:00,MRI2,7293690
619270,40382448,2018-02-01 15:25:00,MRI3,7627678
619270,40663414,2019-02-05 15:15:00,MRI3,7870158
641248,40177612,2017-03-14 12:15:00,MRI3,7452069
641498,40156812,2016-11-26 09:06:00,MRI3,7432656
641498,40371255,2017-12-06 17:30:00,MRI1,7629903
659263,40257739,2018-02-13 07:51:00,MRI3,7516460
659263,40072798,2016-08-23 13:05:00,MRI3,7356225
676254,40089239,2016-08-05 12:29:00,MRI3,7395487
676748,40111263,2016-10-25 08:29:00,MRI3,7387726
676748,40300717,2017-10-04 11:50:00,MRI3,7553399
676748,40785980,2019-11-05 08:58:00,MRI3,7989853
676748,41323328,2021-10-14 11:14:00,MRI1,8497919
678592,40420187,2018-05-25 12:20:00,MRI1,7721115
679062,41226577,2021-07-21 07:45:00,MRI3,7986184
679062,41716178,2022-10-20 08:07:00,MRI3,8768954
679062,40153048,2016-10-10 10:34:00,MRI2,7423332
679062,40300732,2018-01-09 07:59:00,MRI3,7553426
679219,40906245,2020-06-22 17:35:00,MRI3,8163442
696564,40901048,2020-06-25 09:36:00,MRI3,8112499
698545,40974851,2020-08-18 07:57:00,MRI2,8188823
698545,40072849,2016-08-30 07:46:00,MRI3,7356244
698545,40257717,2017-08-22 07:50:00,MRI3,7516227
698545,40469140,2018-08-21 07:47:00,MRI2,7698120
698545,40752700,2019-08-06 13:09:00,MRI2,7959127
701124,40226823,2017-06-06 08:24:00,MRI3,7490209
701124,40699759,2019-06-04 07:50:00,MRI4,7921022
703642,40798867,2019-12-09 11:45:00,MRI4,8047433
703642,41709416,2022-12-10 09:23:00,MRI1,8836265
707000,40115819,2016-11-07 12:50:00,MRI3,7393517
707000,40348658,2017-11-02 12:31:00,MRI2,7596792
707000,40815222,2019-11-27 11:56:00,MRI1,8020750
707000,41212170,2021-11-05 08:44:00,MRSZ,8522651
717330,40547910,2018-10-01 08:57:00,MRI1,7767304
717330,41125149,2021-02-10 13:16:00,MRI2,8328409
719666,4180070,2016-01-07 11:45:00,MRI2,7247437
719666,40142107,2017-04-10 17:15:00,MRI3,7506537
719666,40371830,2018-01-15 12:25:00,MRI3,7621992
723521,40060738,2016-06-03 13:15:00,MRI3,7345362
724566,40445555,2018-04-26 13:16:00,MRI2,7692427
743647,40937403,2020-05-27 17:30:00,MRI3,8148997
743647,41210218,2021-05-31 11:51:00,MRI3,8179477
756395,40121740,2016-09-29 07:58:00,MRI3,7331337
760622,40005426,2016-03-29 08:41:00,MRI3,7299328
760622,40507227,2018-07-02 11:24:00,MRI3,7680564
762512,40564813,2018-09-14 13:59:00,MRI1,7785315
763520,40111422,2016-09-10 09:20:00,MRI3,7398901
763520,40263998,2017-09-11 16:59:00,MRI3,7522476
770245,40467111,2018-09-18 09:53:00,MRI3,7726226
770245,40768978,2019-08-19 16:52:00,MRI4,7976206
770245,41030546,2020-09-17 11:58:00,MRI1,8206758
771570,40257706,2017-08-22 13:27:00,MRI3,7516217
788785,4231458,2016-02-11 15:30:00,MRI3,7286807
300005160,41684113,2023-01-09 14:36:00,MRI1,8853857
300005160,41124680,2021-02-22 14:10:00,MRI2,8347681
300005306,40293082,2017-11-11 13:41:00,MRI3,7622966
300005321,40270105,2017-06-06 13:42:00,MRI3,7533366
300005321,41398952,2021-12-13 07:53:00,MRI1,8553935
300008318,40493671,2018-08-27 07:43:00,MRI2,7764262
300008318,40748471,2019-08-26 15:45:00,MRI4,7951661
300008318,40791537,2020-02-25 09:18:00,MRI3,8082859
300008318,41467570,2022-03-11 14:12:00,MRI3,8595681
300018685,41126300,2021-03-18 13:07:00,MRI1,8338833
300018685,40081052,2016-07-12 14:08:00,MRI2,7379822
300018685,40456526,2018-07-17 07:35:00,MRI3,7687672
300019022,40088804,2016-12-05 11:05:00,MRI3,7379004
300019022,40330853,2018-02-07 16:46:00,MRI1,7579591
300020766,40119585,2017-01-31 11:06:00,MRI3,7434832
300020766,40351274,2018-01-23 11:10:00,MRI3,7597864
300020766,40839133,2020-01-07 08:35:00,MRI3,8046926
300029450,40128296,2016-08-22 11:30:00,MRI3,7402834
300035394,41578346,2022-08-05 07:00:00,MRI4,8711283
300035394,41676218,2023-03-27 18:04:00,MRI3,8902886
300038271,40242088,2017-04-25 13:00:00,MRI3,7502822
300038271,40404624,2018-04-24 07:45:00,MRI3,7676328
300038271,40890047,2020-04-21 07:44:00,MRI3,8101203
300038846,40178526,2017-02-28 07:45:00,MRI3,7462415
300039327,41817935,2023-04-03 13:50:00,MRI4,8902780
300039327,41298670,2021-09-07 14:23:00,MRI1,8478482
300039327,40514546,2018-10-23 09:27:00,MRI3,7747960
300039327,40839780,2019-11-19 11:10:00,MRI3,7989843
300042597,41030170,2020-12-10 13:05:00,MRI4,8245038
300050273,41798654,2023-03-21 08:58:00,MRI3,8907305
300050273,40288154,2017-09-12 12:44:00,MRI3,7545169
300050273,40769388,2019-08-09 12:14:00,MRI1,7976188
300052288,40331057,2017-10-26 15:40:00,MRI1,7616466
300055956,41721486,2022-10-08 15:24:00,MRI4,8807608
300060826,40782064,2019-09-16 11:53:00,MRI3,7986222
300060826,40870144,2020-09-24 13:45:00,MRI1,8206753
300072545,40325978,2017-07-25 13:10:00,MRI2,7575017
300074226,40333672,2018-02-27 07:42:00,MRI3,7611895
300074226,40801502,2019-09-26 14:07:00,MRI1,8005631
300076492,40353812,2017-09-15 14:43:00,MRI3,7601508
300076830,40464529,2018-07-11 12:19:00,MRI1,7740265
300080249,40363004,2017-09-27 10:27:00,MRI3,7607770
300081806,40371080,2017-10-12 16:01:00,MRI1,7614889
300082308,41700702,2022-12-20 12:12:00,MRI2,8838569
300083673,41264667,2022-04-26 11:18:00,MRI3,8678573
300085437,41030127,2020-11-24 07:39:00,MRI3,8245010
300087536,40727899,2020-04-27 11:33:00,MRI3,7961274
300087536,41018041,2020-10-27 08:46:00,MRI3,8256638
300087536,41351027,2021-10-14 12:23:00,MRI1,8497886
300093978,40921636,2020-06-23 09:48:00,MRI3,8134453
300093978,40655781,2019-06-18 08:14:00,MRI3,7902552
300093978,41692940,2022-10-11 16:06:00,MRI1,8779116
300095886,41717107,2023-02-01 16:56:00,MRI4,8896593
300096301,40635309,2019-04-17 10:26:00,MRI1,7845502
300097581,41707057,2023-04-13 07:35:00,MRI3,8810845
300106418,40812816,2019-10-17 11:51:00,MRI1,8018089
300111544,40768445,2019-07-23 07:37:00,MRI4,7926793
300117331,41705741,2022-09-15 10:44:00,MRI4,8792959
300121872,40644944,2019-02-27 11:14:00,MRI1,7866584
300122126,40574152,2018-12-10 12:03:00,MRI1,7820243
300122126,40614655,2019-06-18 08:54:00,MRI3,7902558
300129549,40630775,2019-05-28 11:08:00,MRI3,7865631
300135859,41690569,2022-08-29 12:45:00,MRI1,8778341
300135859,41601424,2022-07-21 12:11:00,MRI3,8690803
300135859,41153540,2021-05-27 13:55:00,MRI2,8354772
300135859,40654599,2019-09-10 08:26:00,MRI2,7976223
300135859,40883233,2020-05-13 14:13:00,MRI1,8086374
300143618,41444383,2022-04-05 07:45:00,MRI3,8585663
300145402,41091547,2021-01-11 16:50:00,MRI1,8301738
300152679,40733150,2019-10-02 14:53:00,MRI1,7999787
300158347,40785490,2019-08-28 10:25:00,MRI1,7985979
300162404,41414175,2022-01-22 08:14:00,MRI3,8599093
300163600,41319844,2021-10-14 06:51:00,MRI4,8517968
300164836,41483558,2022-01-28 16:37:00,MRI2,8607759
300164836,41504797,2022-03-26 13:59:00,MRI4,8648631
300165375,40797582,2020-05-05 10:38:00,MRI3,8101174
300165375,41521508,2022-03-17 15:51:00,MRI4,8631367
300166096,40802062,2019-12-30 14:57:00,MRI4,8023529
300166096,41127369,2021-01-26 10:17:00,MRI3,8291129
300176279,40853942,2019-12-09 07:01:00,MRI1,8061653
300180505,40874619,2020-02-07 11:20:00,MRI1,8084968
300186898,41707298,2022-09-16 09:51:00,MRI3,8738746
300186898,41200951,2021-07-10 07:46:00,MRI4,8440004
300241712,41148674,2021-02-19 10:33:00,MRI3,8351050
300291886,41169249,2021-09-16 12:04:00,MRI3,8470936
300298058,41466957,2022-02-24 13:13:00,MRI1,8595348
300298058,41861279,2023-03-27 10:03:00,MRI3,8884694
300301551,41212839,2021-08-05 09:03:00,MRI3,8417861
300302329,41213522,2021-10-18 17:19:00,MRI4,8520997
300306108,41513023,2022-04-06 16:23:00,MRI3,8626968
300306108,41516908,2023-01-30 17:36:00,MRI3,8807962
300311713,41683224,2022-09-30 07:27:00,MRI1,8769939
300312446,41718174,2022-10-10 13:36:00,MRI1,8769776
300375656,41603398,2022-05-18 18:46:00,MRI3,8699098
300375656,41595617,2022-05-09 09:43:00,MRI3,8686539
300387138,41664583,2022-10-27 11:54:00,MRI1,8760431
